{
  "client_meta": {
    "background_color": {
      "r": 0.9607843160629272,
      "g": 0.9607843160629272,
      "b": 0.9607843160629272,
      "a": 1
    },
    "thumbnail_size": { "width": 400, "height": 263 },
    "render_coordinates": { "x": -565, "y": -1300, "width": 5336, "height": 3513 }
  },
  "file_name": "Oort draft teehee",
  "developer_related_links": [],
  "exported_at": "2026-03-14T21:39:21.845Z"
}
